timestamp,open,high,low,close,volume
2025-09-23 18:51:00+00:00,111733.5,111776.6,111733.4,111776.6,2.03012574
2025-09-23 18:52:00+00:00,111776.6,111800.0,111766.6,111800.0,3.36692191
2025-09-23 18:53:00+00:00,111800.0,111802.2,111799.9,111802.2,0.34439509
2025-09-23 18:54:00+00:00,111802.1,111802.2,111802.1,111802.2,0.07988814
2025-09-23 18:55:00+00:00,111802.2,111802.2,111798.8,111798.9,0.1725363
2025-09-23 18:56:00+00:00,111798.9,111798.9,111798.8,111798.9,0.24746229
2025-09-23 18:57:00+00:00,111798.9,111802.2,111798.8,111802.2,0.15754836
2025-09-23 18:58:00+00:00,111802.2,111809.9,111802.2,111809.9,1.12418564
2025-09-23 18:59:00+00:00,111809.9,111812.5,111809.9,111812.5,0.05543114
2025-09-23 19:00:00+00:00,111812.5,111812.5,111812.4,111812.5,0.96977727
2025-09-23 19:01:00+00:00,111812.5,111812.5,111812.4,111812.5,0.22119336
2025-09-23 19:02:00+00:00,111812.5,111812.5,111812.4,111812.5,0.11322284
2025-09-23 19:03:00+00:00,111812.5,111812.5,111812.4,111812.5,0.02389282
2025-09-23 19:04:00+00:00,111812.5,111860.0,111812.5,111858.0,30.08490003
2025-09-23 19:05:00+00:00,111858.0,111864.8,111858.0,111864.8,2.71541448
2025-09-23 19:06:00+00:00,111864.8,111943.2,111864.7,111943.2,0.33722809
2025-09-23 19:07:00+00:00,111943.2,111974.2,111943.2,111969.0,24.58084592
2025-09-23 19:08:00+00:00,111969.0,111969.0,111877.0,111893.3,1.22924081
2025-09-23 19:09:00+00:00,111893.3,111893.3,111893.2,111893.3,0.08760017
2025-09-23 19:10:00+00:00,111893.3,111893.3,111893.2,111893.3,1.0146626
2025-09-23 19:11:00+00:00,111893.2,111893.3,111893.2,111893.2,0.02296215
2025-09-23 19:12:00+00:00,111893.3,111893.3,111893.2,111893.3,0.0465722
2025-09-23 19:13:00+00:00,111893.3,111893.3,111893.2,111893.2,0.03496084
2025-09-23 19:14:00+00:00,111893.3,111893.3,111893.2,111893.3,0.06149827
2025-09-23 19:15:00+00:00,111893.3,111893.3,111893.2,111893.3,0.55069212
2025-09-23 19:16:00+00:00,111893.3,111893.3,111893.3,111893.3,0.08013429
2025-09-23 19:17:00+00:00,111893.3,111893.3,111893.2,111893.2,0.01167049
2025-09-23 19:18:00+00:00,111893.3,111893.3,111893.2,111893.3,0.12326259
2025-09-23 19:19:00+00:00,111893.3,111926.8,111893.2,111926.8,18.35726023
2025-09-23 19:20:00+00:00,111926.8,111926.8,111926.7,111926.7,0.9724232
2025-09-23 19:21:00+00:00,111926.7,111926.8,111870.9,111871.0,0.31999005
2025-09-23 19:22:00+00:00,111871.0,111871.0,111864.7,111864.8,0.09010891
2025-09-23 19:23:00+00:00,111864.8,111864.8,111864.7,111864.8,0.0518052
2025-09-23 19:24:00+00:00,111864.8,111864.8,111864.7,111864.8,0.0589816
2025-09-23 19:25:00+00:00,111864.8,111864.8,111864.7,111864.7,0.11100625
2025-09-23 19:26:00+00:00,111864.8,111864.8,111864.7,111864.8,0.18807414
2025-09-23 19:27:00+00:00,111864.8,111864.8,111800.0,111800.1,0.79224436
2025-09-23 19:28:00+00:00,111800.0,111800.1,111800.0,111800.0,0.43239536
2025-09-23 19:29:00+00:00,111800.0,111800.1,111800.0,111800.1,0.10153315
2025-09-23 19:30:00+00:00,111800.0,111800.1,111800.0,111800.1,0.54336783
2025-09-23 19:31:00+00:00,111800.1,111800.1,111800.0,111800.1,0.26905029
2025-09-23 19:32:00+00:00,111800.1,111800.1,111800.0,111800.1,0.03292024
2025-09-23 19:33:00+00:00,111800.1,111800.1,111800.0,111800.1,0.01168624
2025-09-23 19:34:00+00:00,111800.0,111800.1,111800.0,111800.0,0.19034786
2025-09-23 19:35:00+00:00,111800.1,111800.1,111800.0,111800.1,0.01406741
2025-09-23 19:36:00+00:00,111800.0,111800.0,111757.2,111757.3,0.68758253
2025-09-23 19:37:00+00:00,111757.3,111757.3,111750.0,111750.1,1.08769679
2025-09-23 19:38:00+00:00,111750.1,111750.1,111725.1,111725.1,4.77881658
2025-09-23 19:39:00+00:00,111725.1,111725.1,111715.3,111715.3,0.54117977
2025-09-23 19:40:00+00:00,111715.3,111715.4,111715.3,111715.4,1.77014767
2025-09-23 19:41:00+00:00,111715.4,111715.4,111715.3,111715.4,0.04979709
2025-09-23 19:42:00+00:00,111715.4,111715.4,111715.3,111715.3,0.03629311
2025-09-23 19:43:00+00:00,111715.4,111715.4,111700.0,111700.1,4.2489065
2025-09-23 19:44:00+00:00,111700.1,111700.1,111700.0,111700.1,0.13791293
2025-09-23 19:45:00+00:00,111700.1,111700.1,111613.4,111631.4,7.16291387
2025-09-23 19:46:00+00:00,111631.4,111631.4,111625.0,111625.1,0.21226118
2025-09-23 19:47:00+00:00,111625.1,111625.1,111586.4,111591.1,3.90759079
2025-09-23 19:48:00+00:00,111591.2,111665.4,111591.1,111665.4,0.98650979
2025-09-23 19:49:00+00:00,111665.4,111665.4,111665.3,111665.4,0.01228995
2025-09-23 19:50:00+00:00,111665.4,111665.4,111658.6,111661.3,1.99566213
2025-09-23 19:51:00+00:00,111661.2,111661.3,111586.0,111586.0,10.22795103
2025-09-23 19:52:00+00:00,111586.1,111609.4,111586.1,111609.4,0.05765747
2025-09-23 19:53:00+00:00,111609.4,111609.4,111591.7,111609.4,25.49256598
2025-09-23 19:54:00+00:00,111609.4,111609.4,111609.3,111609.4,0.09769954
2025-09-23 19:55:00+00:00,111609.4,111609.4,111609.3,111609.4,0.04220874
2025-09-23 19:56:00+00:00,111609.4,111609.4,111609.3,111609.4,0.03057146
2025-09-23 19:57:00+00:00,111609.4,111609.4,111609.3,111609.3,0.05599934
2025-09-23 19:58:00+00:00,111609.4,111609.4,111609.3,111609.4,0.0140213
2025-09-23 19:59:00+00:00,111609.4,111678.8,111609.3,111678.7,0.25260861
2025-09-23 20:00:00+00:00,111678.8,111678.8,111678.7,111678.8,0.05769577
2025-09-23 20:01:00+00:00,111678.8,111732.7,111678.8,111732.7,6.14783837
2025-09-23 20:02:00+00:00,111731.4,111737.5,111731.4,111737.5,1.05856307
2025-09-23 20:03:00+00:00,111737.5,111836.4,111737.5,111834.9,3.68084938
2025-09-23 20:04:00+00:00,111834.9,111834.9,111834.8,111834.9,0.13781595
2025-09-23 20:05:00+00:00,111834.9,111834.9,111834.9,111834.9,0.04005794
2025-09-23 20:06:00+00:00,111834.9,111834.9,111834.8,111834.9,0.15173936
2025-09-23 20:07:00+00:00,111834.9,111834.9,111834.8,111834.9,0.18378442
2025-09-23 20:08:00+00:00,111834.9,111834.9,111834.8,111834.9,0.39765047
2025-09-23 20:09:00+00:00,111834.9,111834.9,111834.8,111834.9,0.07599984
2025-09-23 20:10:00+00:00,111834.9,111834.9,111834.8,111834.8,0.14720638
2025-09-23 20:11:00+00:00,111834.9,111834.9,111834.8,111834.9,0.18671097
2025-09-23 20:12:00+00:00,111834.9,111901.1,111834.9,111901.1,1.11338842
2025-09-23 20:13:00+00:00,111901.1,111912.4,111901.1,111912.4,0.24761838
2025-09-23 20:14:00+00:00,111912.4,111912.4,111912.3,111912.4,0.01748342
2025-09-23 20:15:00+00:00,111912.4,111912.4,111912.3,111912.4,0.05665732
2025-09-23 20:16:00+00:00,111912.3,111912.4,111912.3,111912.4,0.04029094
2025-09-23 20:17:00+00:00,111912.3,111912.4,111912.3,111912.4,0.86031875
2025-09-23 20:18:00+00:00,111912.3,111912.4,111912.3,111912.4,0.1358368
2025-09-23 20:19:00+00:00,111912.4,111912.4,111890.1,111890.1,1.81511147
2025-09-23 20:20:00+00:00,111890.1,111890.1,111862.6,111862.6,1.58192962
2025-09-23 20:21:00+00:00,111862.6,111862.6,111830.1,111830.2,0.24103543
2025-09-23 20:22:00+00:00,111830.3,111830.3,111761.5,111761.5,0.08760734
2025-09-23 20:23:00+00:00,111761.6,111761.6,111761.5,111761.6,0.0811148
2025-09-23 20:24:00+00:00,111761.5,111761.6,111761.5,111761.6,0.45922369
2025-09-23 20:25:00+00:00,111761.6,111761.6,111700.3,111700.4,4.16404498
2025-09-23 20:26:00+00:00,111700.5,111700.5,111693.1,111697.0,6.55474959
2025-09-23 20:27:00+00:00,111697.0,111697.0,111684.9,111685.0,0.10167893
2025-09-23 20:28:00+00:00,111686.9,111695.2,111686.9,111695.2,0.04318488
2025-09-23 20:29:00+00:00,111695.2,111695.2,111661.0,111667.4,3.84798259
2025-09-23 20:30:00+00:00,111667.4,111667.4,111666.4,111666.6,6.70646475
2025-09-23 20:31:00+00:00,111666.5,111684.4,111666.5,111684.4,0.17109464
2025-09-23 20:32:00+00:00,111684.4,111695.2,111684.4,111695.1,0.01554722
2025-09-23 20:33:00+00:00,111695.1,111695.1,111601.2,111604.3,2.38809436
2025-09-23 20:34:00+00:00,111604.3,111604.3,111558.2,111567.4,3.42959053
2025-09-23 20:35:00+00:00,111567.5,111575.1,111557.0,111557.0,0.76946369
2025-09-23 20:36:00+00:00,111557.1,111575.1,111557.0,111575.1,0.10673667
2025-09-23 20:37:00+00:00,111587.4,111695.2,111587.4,111695.2,0.37087995
2025-09-23 20:38:00+00:00,111695.2,111724.9,111695.1,111724.9,0.1453307
2025-09-23 20:39:00+00:00,111735.6,111761.6,111735.6,111761.6,0.82310416
2025-09-23 20:40:00+00:00,111761.6,111761.6,111761.5,111761.6,0.03645072
2025-09-23 20:41:00+00:00,111761.6,111864.6,111761.6,111864.6,0.39287016
2025-09-23 20:42:00+00:00,111873.8,111873.9,111873.8,111873.8,0.04932403
2025-09-23 20:43:00+00:00,111873.9,111873.9,111873.8,111873.8,0.01462526
2025-09-23 20:44:00+00:00,111875.1,111912.4,111875.1,111912.3,0.12538177
2025-09-23 20:45:00+00:00,111912.4,111912.4,111912.3,111912.3,0.01669698
2025-09-23 20:46:00+00:00,111912.3,111912.4,111812.2,111812.3,1.35659012
2025-09-23 20:47:00+00:00,111812.3,111812.3,111761.5,111766.5,0.54154077
2025-09-23 20:48:00+00:00,111766.5,111770.1,111766.4,111770.0,0.07068823
2025-09-23 20:49:00+00:00,111770.1,111770.1,111770.0,111770.1,0.12683768
2025-09-23 20:50:00+00:00,111770.1,111770.1,111770.0,111770.1,0.24422263
2025-09-23 20:51:00+00:00,111770.1,111770.1,111770.0,111770.0,0.07392796
2025-09-23 20:52:00+00:00,111770.1,111770.1,111770.0,111770.1,0.05062385
2025-09-23 20:53:00+00:00,111770.1,111770.1,111770.0,111770.1,0.03813787
2025-09-23 20:54:00+00:00,111770.1,111800.0,111770.0,111800.0,0.2435458
2025-09-23 20:55:00+00:00,111800.0,111800.0,111800.0,111800.0,0.01325947
2025-09-23 20:56:00+00:00,111800.0,111886.7,111799.9,111886.7,0.4665611
2025-09-23 20:57:00+00:00,111886.7,111938.3,111886.7,111938.3,0.06809806
2025-09-23 20:58:00+00:00,111949.9,111962.5,111949.8,111962.5,0.0734809
2025-09-23 20:59:00+00:00,111962.5,112000.0,111962.5,111999.9,1.56927899
2025-09-23 21:00:00+00:00,112000.0,112000.0,111969.5,111975.6,1.85563105
2025-09-23 21:01:00+00:00,111975.6,111975.6,111975.5,111975.6,0.27907014
2025-09-23 21:02:00+00:00,111975.6,111975.6,111938.1,111950.5,0.96382995
2025-09-23 21:03:00+00:00,111950.5,111950.5,111950.5,111950.5,0.16099019
2025-09-23 21:04:00+00:00,111950.5,111950.5,111950.4,111950.5,0.07981869
2025-09-23 21:05:00+00:00,111950.5,111950.5,111950.4,111950.4,0.96927347
2025-09-23 21:06:00+00:00,111950.5,111950.5,111950.4,111950.4,0.28344971
2025-09-23 21:07:00+00:00,111950.4,111950.4,111946.0,111949.5,0.30452614
2025-09-23 21:08:00+00:00,111949.6,111949.6,111949.5,111949.6,0.71664723
2025-09-23 21:09:00+00:00,111949.6,111949.6,111949.5,111949.6,0.02162258
2025-09-23 21:10:00+00:00,111949.6,111949.6,111949.5,111949.6,0.00681599
2025-09-23 21:11:00+00:00,111949.6,111949.6,111949.5,111949.5,0.93707543
2025-09-23 21:12:00+00:00,111949.6,111949.6,111949.5,111949.5,0.13616545
2025-09-23 21:13:00+00:00,111949.6,111949.6,111949.5,111949.6,0.06711337
2025-09-23 21:14:00+00:00,111949.6,111949.6,111949.5,111949.6,0.24353926
2025-09-23 21:15:00+00:00,111949.6,111949.6,111949.6,111949.6,0.07588899
2025-09-23 21:16:00+00:00,111949.6,111949.6,111949.5,111949.6,0.04039626
2025-09-23 21:17:00+00:00,111949.6,112012.4,111949.6,112012.4,0.8793919
2025-09-23 21:18:00+00:00,112012.4,112012.4,112012.3,112012.4,0.00239193
2025-09-23 21:19:00+00:00,112012.4,112012.4,112012.3,112012.4,1.08210828
2025-09-23 21:20:00+00:00,112012.4,112012.4,112012.3,112012.4,0.01534386
2025-09-23 21:21:00+00:00,112012.4,112012.4,112012.3,112012.4,0.02497666
2025-09-23 21:22:00+00:00,112012.4,112012.4,112012.3,112012.4,0.02007658
2025-09-23 21:23:00+00:00,112012.4,112012.4,112012.3,112012.4,0.02496941
2025-09-23 21:24:00+00:00,112012.4,112012.4,112012.3,112012.4,0.05171285
2025-09-23 21:25:00+00:00,112012.4,112012.4,112012.3,112012.4,0.06516627
2025-09-23 21:26:00+00:00,112012.4,112012.4,112012.3,112012.4,0.1274626
2025-09-23 21:27:00+00:00,112012.4,112012.4,112012.3,112012.4,0.00526569
2025-09-23 21:28:00+00:00,112012.4,112012.4,112012.3,112012.4,0.009148
2025-09-23 21:29:00+00:00,112012.4,112012.4,112012.3,112012.4,0.3807351
2025-09-23 21:30:00+00:00,112012.4,112072.6,112012.4,112072.6,4.04693549
2025-09-23 21:31:00+00:00,112072.5,112075.3,112072.5,112075.2,0.05884478
2025-09-23 21:32:00+00:00,112075.4,112075.4,112075.3,112075.3,0.00643562
2025-09-23 21:33:00+00:00,112075.4,112111.1,112075.4,112111.1,26.25046482
2025-09-23 21:34:00+00:00,112111.1,112117.8,112111.0,112117.8,0.49064227
2025-09-23 21:35:00+00:00,112117.8,112120.7,112117.8,112120.6,0.03878484
2025-09-23 21:36:00+00:00,112120.7,112147.1,112120.7,112147.1,0.12205734
2025-09-23 21:37:00+00:00,112147.0,112156.8,112147.0,112156.8,1.59049721
2025-09-23 21:38:00+00:00,112156.8,112162.4,112156.8,112162.3,0.04523544
2025-09-23 21:39:00+00:00,112162.3,112162.4,112162.3,112162.4,0.01415456
2025-09-23 21:40:00+00:00,112162.3,112162.4,112162.3,112162.3,0.05481009
2025-09-23 21:41:00+00:00,112162.4,112173.8,112162.3,112171.5,3.68636336
2025-09-23 21:42:00+00:00,112171.6,112203.1,112171.6,112203.1,0.37624146
2025-09-23 21:43:00+00:00,112203.1,112203.1,112201.8,112203.0,10.77241621
2025-09-23 21:44:00+00:00,112203.1,112203.1,112203.0,112203.1,0.07243941
2025-09-23 21:45:00+00:00,112203.1,112203.1,112203.0,112203.0,0.31833996
2025-09-23 21:46:00+00:00,112203.1,112203.1,112203.0,112203.0,0.12498805
2025-09-23 21:47:00+00:00,112203.1,112203.1,112203.0,112203.1,0.08440424
2025-09-23 21:48:00+00:00,112203.1,112203.1,112129.4,112129.4,0.20439242
2025-09-23 21:49:00+00:00,112129.5,112129.5,112129.4,112129.5,0.08716178
2025-09-23 21:50:00+00:00,112129.5,112129.5,112120.9,112120.9,0.24371862
2025-09-23 21:51:00+00:00,112121.0,112125.4,112120.9,112125.4,0.00794904
2025-09-23 21:52:00+00:00,112125.4,112127.8,112125.4,112127.8,0.07358224
2025-09-23 21:53:00+00:00,112127.8,112153.3,112127.8,112153.3,0.15678986
2025-09-23 21:54:00+00:00,112153.3,112153.3,112153.2,112153.3,0.14347389
2025-09-23 21:55:00+00:00,112154.3,112184.0,112154.3,112172.7,0.10248088
2025-09-23 21:56:00+00:00,112172.8,112172.9,112172.7,112172.9,1.02508451
2025-09-23 21:57:00+00:00,112172.9,112191.8,112172.9,112191.8,0.01500941
2025-09-23 21:58:00+00:00,112191.8,112191.8,112167.8,112167.9,0.49669792
2025-09-23 21:59:00+00:00,112167.9,112170.8,112167.8,112170.8,1.88494033
2025-09-23 22:00:00+00:00,112170.7,112174.7,112170.7,112170.9,1.88662231
2025-09-23 22:01:00+00:00,112170.9,112170.9,112167.8,112167.8,3.22195996
2025-09-23 22:02:00+00:00,112167.8,112167.9,112082.6,112082.6,3.0272137
2025-09-23 22:03:00+00:00,112082.7,112083.6,112082.6,112083.5,0.04500704
2025-09-23 22:04:00+00:00,112085.5,112127.8,112085.5,112127.7,0.02297948
2025-09-23 22:05:00+00:00,112127.8,112183.6,112127.8,112183.5,0.02884368
2025-09-23 22:06:00+00:00,112183.6,112211.0,112183.5,112211.0,0.12657634
2025-09-23 22:07:00+00:00,112211.0,112211.0,112210.9,112211.0,0.00672484
2025-09-23 22:08:00+00:00,112210.9,112211.0,112210.9,112211.0,0.01789641
2025-09-23 22:09:00+00:00,112211.0,112211.0,112210.9,112211.0,0.00939402
2025-09-23 22:10:00+00:00,112211.0,112211.0,112210.9,112211.0,0.00706008
2025-09-23 22:11:00+00:00,112211.0,112211.0,112210.9,112211.0,0.05851982
2025-09-23 22:12:00+00:00,112211.0,112212.6,112210.9,112212.6,0.04883794
2025-09-23 22:13:00+00:00,112212.6,112212.6,112174.1,112174.1,10.03559823
2025-09-23 22:14:00+00:00,112198.1,112198.1,112198.1,112198.1,0.03614129
2025-09-23 22:15:00+00:00,112198.1,112198.1,112165.6,112166.2,0.4355123
2025-09-23 22:16:00+00:00,112168.4,112168.5,112133.9,112134.0,0.14027556
2025-09-23 22:17:00+00:00,112134.0,112134.0,112133.9,112134.0,0.0052531
2025-09-23 22:18:00+00:00,112134.0,112134.0,112133.9,112133.9,0.01268452
2025-09-23 22:19:00+00:00,112134.0,112134.0,112134.0,112134.0,0.02063624
2025-09-23 22:20:00+00:00,112134.0,112142.7,112133.9,112142.7,0.02229666
2025-09-23 22:21:00+00:00,112142.7,112145.1,112142.7,112145.1,0.00294135
2025-09-23 22:22:00+00:00,112145.1,112145.1,112145.0,112145.1,0.03478438
2025-09-23 22:23:00+00:00,112145.1,112145.1,112144.9,112144.9,0.12370375
2025-09-23 22:24:00+00:00,112145.0,112145.0,112144.9,112145.0,0.01133844
2025-09-23 22:25:00+00:00,112145.0,112145.0,112144.9,112145.0,0.00591751
2025-09-23 22:26:00+00:00,112145.0,112145.0,112144.9,112145.0,0.74273434
2025-09-23 22:27:00+00:00,112145.0,112145.0,112074.5,112074.6,1.104243
2025-09-23 22:28:00+00:00,112074.6,112074.6,112074.5,112074.6,0.02200217
2025-09-23 22:29:00+00:00,112074.5,112074.6,112028.3,112029.5,3.0120632
2025-09-23 22:30:00+00:00,112029.5,112042.9,112029.4,112042.9,0.06610115
2025-09-23 22:31:00+00:00,112042.9,112048.8,112042.9,112048.8,0.06798252
2025-09-23 22:32:00+00:00,112048.8,112048.8,112048.7,112048.7,0.02137605
2025-09-23 22:33:00+00:00,112048.8,112093.7,112048.7,112093.7,0.18820632
2025-09-23 22:34:00+00:00,112100.0,112139.6,112100.0,112139.6,0.03962134
2025-09-23 22:35:00+00:00,112139.5,112145.1,112139.5,112145.0,0.05977213
2025-09-23 22:36:00+00:00,112145.1,112150.0,112145.0,112150.0,0.05821973
2025-09-23 22:37:00+00:00,112152.8,112152.8,112152.7,112152.8,0.00569985
2025-09-23 22:38:00+00:00,112152.8,112161.5,112152.7,112161.5,0.00424588
2025-09-23 22:39:00+00:00,112161.5,112162.5,112161.5,112162.4,0.0362555
2025-09-23 22:40:00+00:00,112162.5,112188.2,112162.5,112188.2,0.96832445
2025-09-23 22:41:00+00:00,112188.2,112196.5,112188.1,112196.5,0.13461331
2025-09-23 22:42:00+00:00,112196.5,112219.3,112196.5,112219.3,0.07540459
2025-09-23 22:43:00+00:00,112219.3,112219.3,112219.3,112219.3,0.12084563
2025-09-23 22:44:00+00:00,112219.3,112219.3,112219.2,112219.2,0.01920066
2025-09-23 22:45:00+00:00,112219.3,112219.3,112219.3,112219.3,0.00814576
2025-09-23 22:46:00+00:00,112219.3,112219.3,112219.3,112219.3,0.00080948
2025-09-23 22:47:00+00:00,112219.3,112219.3,112219.2,112219.3,0.01597691
2025-09-23 22:48:00+00:00,112219.2,112219.3,112219.2,112219.3,0.01368228
2025-09-23 22:49:00+00:00,112219.3,112219.3,112219.2,112219.3,0.00762376
2025-09-23 22:50:00+00:00,112219.3,112219.3,112219.2,112219.3,0.01831386
2025-09-23 22:51:00+00:00,112219.3,112219.3,112150.6,112150.6,0.26232056
2025-09-23 22:52:00+00:00,112150.7,112150.7,112150.6,112150.7,2.02077592
2025-09-23 22:53:00+00:00,112150.7,112150.7,112150.6,112150.7,0.1115485
2025-09-23 22:54:00+00:00,112150.7,112150.7,112150.6,112150.7,0.07109398
2025-09-23 22:55:00+00:00,112150.7,112150.7,112150.6,112150.7,0.02171324
2025-09-23 22:56:00+00:00,112150.7,112150.7,112150.6,112150.6,0.00617758
2025-09-23 22:57:00+00:00,112150.7,112150.7,112150.6,112150.7,0.01119422
2025-09-23 22:58:00+00:00,112150.6,112150.7,112150.6,112150.6,0.3753259
2025-09-23 22:59:00+00:00,112150.6,112169.6,112150.6,112169.5,0.22123996
2025-09-23 23:00:00+00:00,112169.6,112169.6,112169.5,112169.6,0.0147218
2025-09-23 23:01:00+00:00,112169.6,112169.6,112169.5,112169.6,0.02654405
2025-09-23 23:02:00+00:00,112169.6,112169.6,112169.5,112169.5,0.03004758
2025-09-23 23:03:00+00:00,112169.6,112169.6,112169.5,112169.6,0.01244807
2025-09-23 23:04:00+00:00,112169.6,112169.6,112169.5,112169.6,0.07263812
2025-09-23 23:05:00+00:00,112169.6,112169.6,112169.5,112169.6,0.04701526
2025-09-23 23:06:00+00:00,112169.5,112169.6,112169.5,112169.6,1.80504853
2025-09-23 23:07:00+00:00,112169.6,112169.6,112169.5,112169.6,0.01265462
2025-09-23 23:08:00+00:00,112169.6,112169.6,112169.5,112169.6,0.01157558
2025-09-23 23:09:00+00:00,112169.6,112175.0,112169.6,112175.0,2.18004958
2025-09-23 23:10:00+00:00,112175.0,112175.0,112174.9,112175.0,0.08491992
2025-09-23 23:11:00+00:00,112175.0,112175.0,112175.0,112175.0,0.01088397
2025-09-23 23:12:00+00:00,112175.0,112178.4,112175.0,112178.4,0.81822947
2025-09-23 23:13:00+00:00,112178.4,112178.4,112178.3,112178.4,0.00925955
2025-09-23 23:14:00+00:00,112178.4,112178.4,112174.9,112174.9,0.13946987
2025-09-23 23:15:00+00:00,112174.9,112174.9,112174.8,112174.8,0.04878802
2025-09-23 23:16:00+00:00,112174.9,112179.9,112174.9,112179.9,0.10626479
2025-09-23 23:17:00+00:00,112179.9,112179.9,112179.8,112179.8,0.23092557
2025-09-23 23:18:00+00:00,112179.8,112179.9,112179.8,112179.9,0.03695994
2025-09-23 23:19:00+00:00,112179.9,112179.9,112127.8,112127.9,0.07663792
2025-09-23 23:20:00+00:00,112127.9,112127.9,112127.8,112127.8,0.02977437
2025-09-23 23:21:00+00:00,112127.8,112127.8,112048.2,112053.8,6.33717936
2025-09-23 23:22:00+00:00,112053.8,112053.8,112012.3,112012.3,1.10349415
2025-09-23 23:23:00+00:00,112012.5,112012.5,112012.4,112012.5,0.06280935
2025-09-23 23:24:00+00:00,112012.5,112012.5,111949.5,111949.5,5.06389965
2025-09-23 23:25:00+00:00,111949.6,111949.6,111949.5,111949.6,0.06135561
2025-09-23 23:26:00+00:00,111949.6,111949.6,111949.5,111949.5,0.90006575
2025-09-23 23:27:00+00:00,111949.6,111949.6,111949.5,111949.6,0.72583404
2025-09-23 23:28:00+00:00,111949.6,111949.6,111934.9,111934.9,8.19127652
2025-09-23 23:29:00+00:00,111935.0,111935.0,111921.8,111921.9,0.12680972
2025-09-23 23:30:00+00:00,111921.9,111921.9,111921.8,111921.9,0.58206038
2025-09-23 23:31:00+00:00,111935.0,111962.3,111934.9,111962.3,0.06603558
2025-09-23 23:32:00+00:00,111962.3,111975.7,111962.3,111975.7,0.01869443
2025-09-23 23:33:00+00:00,111975.7,111980.0,111975.7,111980.0,0.13822007
2025-09-23 23:34:00+00:00,111980.0,112004.8,111979.9,112004.8,0.15605841
2025-09-23 23:35:00+00:00,112004.8,112004.8,112004.7,112004.8,0.04663641
2025-09-23 23:36:00+00:00,112004.7,112062.2,112004.7,112062.2,0.5955059
2025-09-23 23:37:00+00:00,112062.5,112094.4,112062.5,112094.4,0.06191865
2025-09-23 23:38:00+00:00,112094.4,112095.9,112094.4,112095.9,0.89619447
2025-09-23 23:39:00+00:00,112096.0,112096.8,112096.0,112096.8,0.00708671
2025-09-23 23:40:00+00:00,112097.6,112102.4,112097.5,112102.4,0.69354933
2025-09-23 23:41:00+00:00,112102.3,112102.3,112096.1,112096.1,0.35886362
2025-09-23 23:42:00+00:00,112096.2,112096.2,112062.5,112062.5,0.3389832
2025-09-23 23:43:00+00:00,112062.5,112062.5,112062.4,112062.4,0.00171421
2025-09-23 23:44:00+00:00,112063.4,112066.5,112063.4,112066.5,0.00412952
2025-09-23 23:45:00+00:00,112066.6,112069.8,112066.5,112069.8,0.00417123
2025-09-23 23:46:00+00:00,112070.6,112079.2,112070.6,112079.2,0.03122036
2025-09-23 23:47:00+00:00,112080.0,112099.0,112080.0,112098.9,0.09289071
2025-09-23 23:48:00+00:00,112099.0,112099.0,112098.9,112099.0,0.04660265
2025-09-23 23:49:00+00:00,112099.0,112099.0,112098.9,112098.9,0.0182851
2025-09-23 23:50:00+00:00,112099.0,112099.0,112098.9,112099.0,0.01504348
2025-09-23 23:51:00+00:00,112099.0,112099.0,112098.9,112099.0,0.00732552
2025-09-23 23:52:00+00:00,112099.0,112099.0,112098.9,112098.9,0.0274407
2025-09-23 23:53:00+00:00,112099.0,112099.0,112001.4,112001.5,0.66405374
2025-09-23 23:54:00+00:00,112001.5,112001.5,112001.4,112001.4,0.00569323
2025-09-23 23:55:00+00:00,112001.5,112001.5,112001.4,112001.4,0.00326672
2025-09-23 23:56:00+00:00,112001.5,112001.5,112001.4,112001.5,5.02103952
2025-09-23 23:57:00+00:00,112001.4,112001.5,112001.4,112001.4,0.06841562
2025-09-23 23:58:00+00:00,112001.4,112001.5,112001.4,112001.5,0.02436592
2025-09-23 23:59:00+00:00,112001.5,112001.5,112001.4,112001.5,0.0291248
2025-09-24 00:00:00+00:00,112001.5,112001.5,111970.6,111972.1,1.73823572
2025-09-24 00:01:00+00:00,111972.1,111972.1,111971.6,111972.0,0.5401492
2025-09-24 00:02:00+00:00,111972.1,111994.6,111972.1,111994.6,0.08636426
2025-09-24 00:03:00+00:00,111994.6,112024.9,111994.6,112024.9,0.06480302
2025-09-24 00:04:00+00:00,112024.9,112032.3,112024.9,112032.3,0.00498527
2025-09-24 00:05:00+00:00,112032.3,112032.3,111993.6,111993.7,0.07587126
2025-09-24 00:06:00+00:00,111993.7,111993.7,111975.7,111975.8,0.03047863
2025-09-24 00:07:00+00:00,111975.7,111975.8,111937.5,111937.5,0.12132748
2025-09-24 00:08:00+00:00,111937.6,111937.6,111929.1,111929.2,6.94843011
2025-09-24 00:09:00+00:00,111929.1,111929.2,111909.1,111909.1,0.13127854
2025-09-24 00:10:00+00:00,111909.1,111909.1,111909.0,111909.0,0.06686015
2025-09-24 00:11:00+00:00,111909.1,111919.6,111909.0,111909.0,0.01037503
2025-09-24 00:12:00+00:00,111918.9,111950.0,111918.6,111950.0,0.05413777
2025-09-24 00:13:00+00:00,111950.0,111993.6,111950.0,111993.6,0.06962227
2025-09-24 00:14:00+00:00,111993.6,112025.3,111993.6,112025.3,0.05884371
2025-09-24 00:15:00+00:00,112037.6,112040.0,112037.5,112040.0,0.06701524
2025-09-24 00:16:00+00:00,112040.8,112042.5,112040.8,112042.5,0.04910106
2025-09-24 00:17:00+00:00,112050.1,112137.4,112050.1,112137.4,4.31931762
2025-09-24 00:18:00+00:00,112147.1,112184.1,112147.1,112184.1,2.61331706
2025-09-24 00:19:00+00:00,112184.0,112199.9,112184.0,112199.8,2.0837858
2025-09-24 00:20:00+00:00,112199.9,112227.0,112199.9,112227.0,0.14128983
2025-09-24 00:21:00+00:00,112227.0,112279.9,112227.0,112279.9,16.00963137
2025-09-24 00:22:00+00:00,112279.9,112333.0,112279.9,112333.0,14.77593591
2025-09-24 00:23:00+00:00,112333.0,112333.0,112332.9,112332.9,0.33288036
2025-09-24 00:24:00+00:00,112333.0,112333.0,112332.9,112333.0,3.1716246
2025-09-24 00:25:00+00:00,112333.0,112333.0,112297.7,112297.8,0.02897832
2025-09-24 00:26:00+00:00,112297.8,112297.8,112297.8,112297.8,0.05203629
2025-09-24 00:27:00+00:00,112297.8,112297.8,112297.7,112297.7,0.0022849
2025-09-24 00:28:00+00:00,112297.8,112297.8,112297.7,112297.8,0.14712829
2025-09-24 00:29:00+00:00,112297.7,112297.8,112297.7,112297.8,0.06152912
2025-09-24 00:30:00+00:00,112297.8,112297.8,112297.7,112297.8,0.05744049
2025-09-24 00:31:00+00:00,112297.8,112297.8,112297.7,112297.8,0.13828334
2025-09-24 00:32:00+00:00,112297.8,112297.8,112297.7,112297.8,0.20710546
2025-09-24 00:33:00+00:00,112297.8,112297.8,112297.8,112297.8,0.00623433
2025-09-24 00:34:00+00:00,112297.8,112297.8,112297.8,112297.8,0.02345878
2025-09-24 00:35:00+00:00,112297.8,112297.8,112223.0,112223.0,0.49104818
2025-09-24 00:36:00+00:00,112223.0,112223.1,112209.5,112209.6,0.14379432
2025-09-24 00:37:00+00:00,112209.6,112209.6,112209.5,112209.5,0.04324062
2025-09-24 00:38:00+00:00,112209.6,112209.6,112195.5,112195.5,1.30034973
2025-09-24 00:39:00+00:00,112195.6,112212.4,112195.6,112212.4,0.23891991
2025-09-24 00:40:00+00:00,112224.9,112224.9,112224.8,112224.9,0.05054129
2025-09-24 00:41:00+00:00,112224.9,112224.9,112224.8,112224.9,0.05162221
2025-09-24 00:42:00+00:00,112224.9,112224.9,112224.8,112224.9,0.07264299
2025-09-24 00:43:00+00:00,112224.8,112224.9,112224.8,112224.9,0.00433684
2025-09-24 00:44:00+00:00,112224.9,112224.9,112224.8,112224.9,0.14094612
2025-09-24 00:45:00+00:00,112224.9,112272.0,112224.9,112271.9,0.1054694
2025-09-24 00:46:00+00:00,112272.0,112300.0,112272.0,112300.0,0.05000649
2025-09-24 00:47:00+00:00,112300.0,112300.0,112300.0,112300.0,0.00614777
2025-09-24 00:48:00+00:00,112300.0,112300.0,112299.9,112300.0,0.02763416
2025-09-24 00:49:00+00:00,112299.9,112300.0,112299.9,112300.0,0.11879865
2025-09-24 00:50:00+00:00,112299.9,112312.5,112271.6,112271.6,0.24222796
2025-09-24 00:51:00+00:00,112267.3,112267.3,112267.2,112267.3,0.09138237
2025-09-24 00:52:00+00:00,112267.2,112267.3,112267.2,112267.3,0.00860809
2025-09-24 00:53:00+00:00,112267.2,112267.3,112267.2,112267.3,0.00221383
2025-09-24 00:54:00+00:00,112267.3,112287.4,112267.3,112287.4,0.04523375
2025-09-24 00:55:00+00:00,112287.5,112287.5,112255.4,112255.4,1.01127334
2025-09-24 00:56:00+00:00,112256.0,112256.1,112256.0,112256.1,0.0049299
2025-09-24 00:57:00+00:00,112256.1,112256.1,112256.0,112256.1,0.01895836
2025-09-24 00:58:00+00:00,112256.1,112256.1,112256.0,112256.1,0.21546644
2025-09-24 00:59:00+00:00,112256.0,112256.0,112221.5,112229.6,0.13141701
2025-09-24 01:00:00+00:00,112229.6,112229.6,112229.5,112229.6,0.27071126
2025-09-24 01:01:00+00:00,112229.6,112229.6,112229.5,112229.5,0.03534486
2025-09-24 01:02:00+00:00,112229.5,112229.6,112229.5,112229.6,0.14379546
2025-09-24 01:03:00+00:00,112229.6,112229.6,112229.6,112229.6,0.0062619
2025-09-24 01:04:00+00:00,112229.6,112229.8,112229.6,112229.8,0.00850103
2025-09-24 01:05:00+00:00,112229.8,112254.4,112229.8,112254.4,0.33980259
2025-09-24 01:06:00+00:00,112255.2,112261.9,112255.2,112261.8,0.00899584
2025-09-24 01:07:00+00:00,112261.9,112261.9,112261.8,112261.9,0.04669647
2025-09-24 01:08:00+00:00,112262.4,112292.5,112262.4,112292.5,0.04474591
2025-09-24 01:09:00+00:00,112292.5,112306.8,112292.4,112306.8,0.22542439
2025-09-24 01:10:00+00:00,112312.5,112324.9,112312.4,112324.9,0.01232008
2025-09-24 01:11:00+00:00,112324.9,112324.9,112324.9,112324.9,0.00056165
2025-09-24 01:12:00+00:00,112324.8,112324.9,112324.8,112324.9,0.02467221
2025-09-24 01:13:00+00:00,112324.9,112324.9,112324.8,112324.9,0.00317664
2025-09-24 01:14:00+00:00,112324.8,112324.9,112324.8,112324.9,0.39273654
2025-09-24 01:15:00+00:00,112324.9,112324.9,112324.8,112324.9,0.22478221
2025-09-24 01:16:00+00:00,112324.9,112324.9,112324.8,112324.9,0.01844774
2025-09-24 01:17:00+00:00,112324.9,112349.9,112324.8,112349.9,2.03262047
2025-09-24 01:18:00+00:00,112349.9,112349.9,112349.8,112349.9,0.01428369
2025-09-24 01:19:00+00:00,112349.9,112349.9,112349.8,112349.8,0.02020647
2025-09-24 01:20:00+00:00,112349.8,112349.9,112349.8,112349.8,0.0197321
2025-09-24 01:21:00+00:00,112349.8,112349.9,112349.8,112349.8,0.00754065
2025-09-24 01:22:00+00:00,112349.9,112349.9,112349.8,112349.9,0.01080626
2025-09-24 01:23:00+00:00,112349.9,112349.9,112349.9,112349.9,0.00206715
2025-09-24 01:24:00+00:00,112349.8,112349.9,112349.8,112349.9,0.01042584
2025-09-24 01:25:00+00:00,112349.9,112349.9,112349.8,112349.9,0.08826877
2025-09-24 01:26:00+00:00,112349.8,112349.9,112349.8,112349.9,0.01393667
2025-09-24 01:27:00+00:00,112349.9,112351.0,112349.8,112351.0,0.09887742
2025-09-24 01:28:00+00:00,112351.0,112372.5,112351.0,112372.4,0.05194454
2025-09-24 01:29:00+00:00,112372.4,112372.6,112372.4,112372.6,0.05580353
2025-09-24 01:30:00+00:00,112372.6,112386.0,112372.6,112386.0,0.34239263
2025-09-24 01:31:00+00:00,112386.0,112386.0,112385.9,112385.9,0.02200618
2025-09-24 01:32:00+00:00,112386.0,112406.9,112385.9,112399.8,17.03149671
2025-09-24 01:33:00+00:00,112394.4,112394.4,112394.3,112394.3,0.00848406
2025-09-24 01:34:00+00:00,112394.4,112394.4,112394.3,112394.3,0.02535967
2025-09-24 01:35:00+00:00,112394.4,112394.4,112394.3,112394.4,0.0079518
2025-09-24 01:36:00+00:00,112394.4,112410.4,112394.4,112410.4,0.29476696
2025-09-24 01:37:00+00:00,112410.4,112410.4,112410.3,112410.3,0.01319584
2025-09-24 01:38:00+00:00,112410.4,112491.1,112410.4,112487.6,0.84943681
2025-09-24 01:39:00+00:00,112487.6,112499.9,112487.6,112499.8,0.38582938
2025-09-24 01:40:00+00:00,112499.8,112499.9,112499.8,112499.9,0.0213992
2025-09-24 01:41:00+00:00,112499.8,112499.9,112499.8,112499.8,0.04274675
2025-09-24 01:42:00+00:00,112499.9,112499.9,112475.1,112475.1,0.21091106
2025-09-24 01:43:00+00:00,112475.1,112475.1,112450.0,112450.0,0.26371995
2025-09-24 01:44:00+00:00,112450.0,112450.0,112383.1,112383.1,10.02045729
2025-09-24 01:45:00+00:00,112383.1,112383.2,112383.1,112383.2,0.02983608
2025-09-24 01:46:00+00:00,112383.1,112383.2,112383.1,112383.2,0.02402176
2025-09-24 01:47:00+00:00,112383.2,112383.2,112383.1,112383.1,0.20464208
2025-09-24 01:48:00+00:00,112383.2,112417.4,112383.2,112417.4,0.25547987
2025-09-24 01:49:00+00:00,112417.4,112417.4,112417.3,112417.4,0.01433111
2025-09-24 01:50:00+00:00,112417.4,112417.4,112417.3,112417.3,0.00672641
2025-09-24 01:51:00+00:00,112417.4,112417.4,112417.4,112417.4,0.01685152
2025-09-24 01:52:00+00:00,112417.4,112429.9,112417.4,112429.9,0.01435921
2025-09-24 01:53:00+00:00,112429.9,112429.9,112429.8,112429.8,0.00642578
2025-09-24 01:54:00+00:00,112429.9,112429.9,112429.8,112429.9,0.00140273
2025-09-24 01:55:00+00:00,112429.9,112429.9,112429.9,112429.9,0.03152073
2025-09-24 01:56:00+00:00,112429.9,112429.9,112429.8,112429.9,0.02023497
2025-09-24 01:57:00+00:00,112429.9,112429.9,112429.8,112429.9,0.02039397
2025-09-24 01:58:00+00:00,112429.9,112429.9,112429.8,112429.9,0.02348977
2025-09-24 01:59:00+00:00,112429.9,112429.9,112429.8,112429.9,0.01613215
2025-09-24 02:00:00+00:00,112429.9,112429.9,112429.8,112429.9,0.04354794
2025-09-24 02:01:00+00:00,112429.9,112474.1,112429.8,112474.1,0.02806926
2025-09-24 02:02:00+00:00,112474.0,112474.1,112474.0,112474.1,0.05687696
2025-09-24 02:03:00+00:00,112474.1,112474.1,112474.0,112474.1,0.09643612
2025-09-24 02:04:00+00:00,112474.1,112500.0,112474.0,112499.9,3.50324565
2025-09-24 02:05:00+00:00,112500.0,112500.0,112499.9,112500.0,0.01527424
2025-09-24 02:06:00+00:00,112500.0,112500.0,112499.9,112500.0,0.09215243
2025-09-24 02:07:00+00:00,112500.0,112500.0,112499.9,112500.0,0.002307
2025-09-24 02:08:00+00:00,112499.9,112500.0,112499.9,112500.0,8.724e-05
2025-09-24 02:09:00+00:00,112500.0,112500.0,112500.0,112500.0,0.00498067
2025-09-24 02:10:00+00:00,112500.0,112500.0,112392.9,112393.0,1.71958091
2025-09-24 02:11:00+00:00,112393.0,112393.0,112393.0,112393.0,0.03007063
2025-09-24 02:12:00+00:00,112392.9,112392.9,112287.8,112287.8,2.54373729
2025-09-24 02:13:00+00:00,112287.9,112287.9,112237.6,112237.6,0.32532611
2025-09-24 02:14:00+00:00,112237.6,112237.6,112229.5,112229.5,0.00911277
2025-09-24 02:15:00+00:00,112229.6,112229.6,112229.5,112229.6,0.71778897
2025-09-24 02:16:00+00:00,112229.6,112229.6,112117.5,112117.5,2.08027609
2025-09-24 02:17:00+00:00,112117.5,112117.6,112117.5,112117.5,0.33168739
2025-09-24 02:18:00+00:00,112117.4,112117.5,112117.4,112117.5,0.00845855
2025-09-24 02:19:00+00:00,112117.5,112117.5,112117.4,112117.4,0.01592074
2025-09-24 02:20:00+00:00,112117.4,112117.5,112117.4,112117.5,0.00593683
2025-09-24 02:21:00+00:00,112117.4,112117.5,112117.4,112117.4,0.00168362
2025-09-24 02:22:00+00:00,112117.5,112117.5,112117.4,112117.4,0.16528538
2025-09-24 02:23:00+00:00,112117.4,112117.4,112117.3,112117.4,0.03082088
2025-09-24 02:24:00+00:00,112117.4,112127.8,112117.3,112127.8,0.77316531
2025-09-24 02:25:00+00:00,112127.8,112211.4,112127.8,112202.0,3.00217598
2025-09-24 02:26:00+00:00,112202.0,112202.0,112202.0,112202.0,0.0153058
2025-09-24 02:27:00+00:00,112201.9,112201.9,112197.1,112197.2,0.03175031
2025-09-24 02:28:00+00:00,112197.1,112197.1,112177.0,112193.1,0.49533412
2025-09-24 02:29:00+00:00,112197.0,112201.9,112197.0,112201.9,0.06433841
2025-09-24 02:30:00+00:00,112201.9,112308.8,112201.9,112307.9,0.09829876
2025-09-24 02:31:00+00:00,112307.9,112308.0,112307.9,112308.0,0.00514757
2025-09-24 02:32:00+00:00,112307.9,112308.0,112307.9,112308.0,0.00774859
2025-09-24 02:33:00+00:00,112308.0,112308.0,112308.0,112308.0,0.0054254
2025-09-24 02:34:00+00:00,112308.0,112308.0,112250.1,112250.1,0.04097094
2025-09-24 02:35:00+00:00,112250.0,112250.1,112212.5,112212.5,0.1281572
2025-09-24 02:36:00+00:00,112212.5,112212.5,112212.4,112212.5,0.0193845
2025-09-24 02:37:00+00:00,112212.5,112243.5,112212.4,112243.4,0.00393187
2025-09-24 02:38:00+00:00,112243.5,112243.5,112242.6,112243.3,0.00379574
2025-09-24 02:39:00+00:00,112243.4,112243.4,112239.2,112239.5,0.02315932
2025-09-24 02:40:00+00:00,112239.5,112239.5,112239.4,112239.4,0.25630594
2025-09-24 02:41:00+00:00,112239.5,112239.5,112239.5,112239.5,0.00160956
2025-09-24 02:42:00+00:00,112239.5,112249.2,112239.5,112249.1,0.03003672
2025-09-24 02:43:00+00:00,112249.2,112255.9,112249.2,112255.9,0.0281237
2025-09-24 02:44:00+00:00,112261.1,112261.1,112261.1,112261.1,0.00635984
2025-09-24 02:45:00+00:00,112261.1,112261.1,112261.1,112261.1,0.00265314
2025-09-24 02:46:00+00:00,112261.1,112261.1,112260.9,112261.0,0.05653584
2025-09-24 02:47:00+00:00,112261.0,112261.0,112261.0,112261.0,0.12321239
2025-09-24 02:48:00+00:00,112261.0,112261.0,112260.9,112261.0,0.0010344
2025-09-24 02:49:00+00:00,112261.1,112261.1,112260.9,112261.0,0.01096106
2025-09-24 02:50:00+00:00,112260.9,112260.9,112065.4,112173.6,47.26057546
2025-09-24 02:51:00+00:00,112175.3,112175.3,111962.6,112004.4,10.32119497
2025-09-24 02:52:00+00:00,111987.5,112099.3,111955.7,112099.3,0.3364909
2025-09-24 02:53:00+00:00,112127.8,112127.8,112062.0,112062.0,0.07251779
2025-09-24 02:54:00+00:00,112062.5,112062.5,112037.6,112037.6,0.17280348
2025-09-24 02:55:00+00:00,112042.1,112042.1,111941.4,112000.1,1.86133383
2025-09-24 02:56:00+00:00,112000.1,112149.3,112000.1,112149.3,1.13830453
2025-09-24 02:57:00+00:00,112149.8,112249.9,112149.8,112249.9,0.04770498
2025-09-24 02:58:00+00:00,112249.8,112249.8,112151.9,112151.9,0.02076712
2025-09-24 02:59:00+00:00,112151.8,112151.9,112151.8,112151.9,0.00022488
2025-09-24 03:00:00+00:00,112151.9,112151.9,112151.7,112151.7,0.00567894
2025-09-24 03:01:00+00:00,112151.7,112151.8,112151.7,112151.8,0.00266914
2025-09-24 03:02:00+00:00,112151.8,112151.8,112151.7,112151.8,0.0074393
2025-09-24 03:03:00+00:00,112151.8,112151.9,112151.8,112151.9,0.05487919
2025-09-24 03:04:00+00:00,112151.8,112219.4,112151.8,112219.4,0.17457529
2025-09-24 03:05:00+00:00,112221.8,112221.8,112221.7,112221.7,0.00198679
2025-09-24 03:06:00+00:00,112221.8,112221.8,112221.7,112221.7,0.00400146
2025-09-24 03:07:00+00:00,112221.7,112221.8,112221.7,112221.8,0.01399331
2025-09-24 03:08:00+00:00,112221.7,112221.8,112221.7,112221.8,0.00812986
2025-09-24 03:09:00+00:00,112221.7,112221.7,112206.8,112206.9,0.02585806
2025-09-24 03:10:00+00:00,112206.9,112206.9,112162.4,112162.4,0.00543904
2025-09-24 03:11:00+00:00,112162.5,112162.5,112162.4,112162.4,0.00970048
2025-09-24 03:12:00+00:00,112162.5,112162.5,112162.4,112162.5,0.00623446
2025-09-24 03:13:00+00:00,112162.5,112162.5,112162.4,112162.4,0.13916907
2025-09-24 03:14:00+00:00,112162.5,112175.0,112162.4,112175.0,0.02341822
2025-09-24 03:15:00+00:00,112174.9,112175.0,112174.9,112175.0,0.00584485
2025-09-24 03:16:00+00:00,112184.9,112184.9,112184.8,112184.9,0.00722651
2025-09-24 03:17:00+00:00,112184.9,112184.9,112149.8,112149.8,0.05065251
2025-09-24 03:18:00+00:00,112149.9,112149.9,112149.8,112149.9,0.0242921
2025-09-24 03:19:00+00:00,112149.8,112149.9,112149.8,112149.8,0.10878178
2025-09-24 03:20:00+00:00,112149.9,112149.9,112149.8,112149.8,0.05627485
2025-09-24 03:21:00+00:00,112149.8,112149.9,112127.8,112127.9,0.50505936
2025-09-24 03:22:00+00:00,112127.8,112127.9,112029.9,112042.2,10.03043528
2025-09-24 03:23:00+00:00,112029.9,112030.0,111926.0,111926.0,1.11948159
2025-09-24 03:24:00+00:00,111926.1,111975.7,111926.0,111975.7,0.89492042
2025-09-24 03:25:00+00:00,111975.7,111999.9,111975.7,111999.8,0.26719634
2025-09-24 03:26:00+00:00,111999.9,112038.6,111999.9,112034.3,0.08847473
2025-09-24 03:27:00+00:00,112034.3,112034.3,111999.7,111999.7,0.14835631
2025-09-24 03:28:00+00:00,111987.6,111987.6,111950.0,111950.1,0.17365473
2025-09-24 03:29:00+00:00,111950.0,111950.0,111820.3,111824.2,10.74869056
2025-09-24 03:30:00+00:00,111824.1,111924.5,111824.1,111924.5,0.08832028
2025-09-24 03:31:00+00:00,111924.5,111975.7,111924.5,111975.7,0.0303284
2025-09-24 03:32:00+00:00,111975.7,111975.7,111975.6,111975.6,0.01714234
2025-09-24 03:33:00+00:00,111975.7,111987.4,111879.2,111882.3,0.63018006
2025-09-24 03:34:00+00:00,111882.2,111891.5,111882.2,111891.4,0.92292643
2025-09-24 03:35:00+00:00,111891.5,111891.5,111891.4,111891.4,0.00752542
2025-09-24 03:36:00+00:00,111891.5,111891.5,111891.4,111891.4,0.03997949
2025-09-24 03:37:00+00:00,111891.4,111891.4,111859.7,111859.8,0.03986579
2025-09-24 03:38:00+00:00,111859.8,111859.8,111859.7,111859.8,0.00577585
2025-09-24 03:39:00+00:00,111859.7,111859.8,111859.7,111859.8,0.02118331
2025-09-24 03:40:00+00:00,111864.0,111864.1,111864.0,111864.1,0.00426026
2025-09-24 03:41:00+00:00,111864.0,111875.1,111864.0,111875.0,1.00757792
2025-09-24 03:42:00+00:00,111875.1,111875.1,111874.9,111874.9,0.1058864
2025-09-24 03:43:00+00:00,111874.9,111875.0,111874.9,111874.9,0.02448799
2025-09-24 03:44:00+00:00,111874.9,111874.9,111869.1,111869.1,0.05081839
2025-09-24 03:45:00+00:00,111869.1,111869.1,111869.1,111869.1,0.00813184
2025-09-24 03:46:00+00:00,111869.1,111869.1,111814.0,111814.1,0.38480997
2025-09-24 03:47:00+00:00,111814.0,111814.0,111787.6,111787.6,2.65030095
2025-09-24 03:48:00+00:00,111787.5,111787.6,111784.8,111787.5,3.84173649
2025-09-24 03:49:00+00:00,111787.5,111787.6,111728.9,111735.7,2.04666095
2025-09-24 03:50:00+00:00,111735.7,111775.9,111735.6,111775.9,1.40825716
2025-09-24 03:51:00+00:00,111775.8,111787.6,111775.8,111787.6,0.15336472
2025-09-24 03:52:00+00:00,111787.5,111787.6,111787.5,111787.6,0.01881892
2025-09-24 03:53:00+00:00,111799.8,111824.2,111799.8,111823.6,1.03556447
2025-09-24 03:54:00+00:00,111823.6,111862.6,111823.5,111862.5,0.3806896
2025-09-24 03:55:00+00:00,111862.6,111862.6,111787.5,111787.6,0.42279592
2025-09-24 03:56:00+00:00,111787.5,111787.6,111787.5,111787.5,0.34404549
2025-09-24 03:57:00+00:00,111787.6,111787.6,111787.6,111787.6,0.03533593
2025-09-24 03:58:00+00:00,111787.6,111787.6,111787.5,111787.5,0.00354084
2025-09-24 03:59:00+00:00,111787.6,111787.6,111787.5,111787.5,0.13638523
2025-09-24 04:00:00+00:00,111787.6,111787.6,111695.2,111695.4,2.06603948
2025-09-24 04:01:00+00:00,111695.4,111698.4,111687.0,111687.0,1.10741706
2025-09-24 04:02:00+00:00,111687.1,111712.5,111687.0,111712.5,0.00100396
2025-09-24 04:03:00+00:00,111712.4,111749.9,111687.1,111687.1,0.00467236
2025-09-24 04:04:00+00:00,111687.1,111687.1,111633.8,111638.0,0.50973303
2025-09-24 04:05:00+00:00,111638.0,111638.0,111633.4,111633.5,0.04383076
2025-09-24 04:06:00+00:00,111636.5,111636.5,111636.4,111636.5,1.13355325
2025-09-24 04:07:00+00:00,111636.4,111636.5,111606.6,111606.6,0.36835735
2025-09-24 04:08:00+00:00,111606.7,111606.7,111600.0,111600.0,0.11462778
2025-09-24 04:09:00+00:00,111600.1,111600.1,111600.0,111600.0,0.09998639
2025-09-24 04:10:00+00:00,111600.1,111600.1,111592.7,111593.3,1.2676982
2025-09-24 04:11:00+00:00,111593.2,111593.2,111111.0,111228.0,21.19129184
2025-09-24 04:12:00+00:00,111235.8,111333.0,111183.8,111333.0,1.73274495
2025-09-24 04:13:00+00:00,111346.8,111469.7,111346.8,111427.6,0.25992242
2025-09-24 04:14:00+00:00,111427.6,111462.9,111427.6,111462.9,0.02049505
2025-09-24 04:15:00+00:00,111475.1,111533.9,111475.1,111533.9,0.57904103
2025-09-24 04:16:00+00:00,111533.9,111651.9,111533.9,111605.9,1.27746447
2025-09-24 04:17:00+00:00,111606.0,111622.9,111606.0,111622.9,0.07008065
2025-09-24 04:18:00+00:00,111622.8,111622.8,111605.9,111605.9,0.11827692
2025-09-24 04:19:00+00:00,111605.9,111605.9,111487.5,111487.5,0.31353559
2025-09-24 04:20:00+00:00,111487.5,111495.5,111483.8,111495.5,10.15947985
2025-09-24 04:21:00+00:00,111495.5,111495.5,111427.6,111427.6,0.17125252
2025-09-24 04:22:00+00:00,111436.0,111436.0,111435.9,111435.9,0.000405
2025-09-24 04:23:00+00:00,111436.0,111436.0,111435.9,111436.0,0.05982417
2025-09-24 04:24:00+00:00,111450.0,111500.0,111450.0,111500.0,0.04484216
2025-09-24 04:25:00+00:00,111499.9,111612.4,111499.9,111612.4,10.58496345
2025-09-24 04:26:00+00:00,111612.5,111778.8,111612.5,111778.8,1.16322692
2025-09-24 04:27:00+00:00,111780.8,111787.6,111780.7,111787.5,1.01813264
2025-09-24 04:28:00+00:00,111787.5,111847.9,111787.5,111847.9,0.24968354
2025-09-24 04:29:00+00:00,111847.9,111982.3,111847.9,111982.2,0.40442279
2025-09-24 04:30:00+00:00,111982.3,112170.5,111982.3,112170.5,1.07791552
2025-09-24 04:31:00+00:00,112170.5,112170.5,112131.4,112131.4,0.09568664
2025-09-24 04:32:00+00:00,112131.5,112150.0,112131.5,112150.0,0.01137892
2025-09-24 04:33:00+00:00,112150.1,112197.4,112150.1,112197.4,0.46096309
2025-09-24 04:34:00+00:00,112197.4,112197.4,112150.1,112175.9,0.08668152
2025-09-24 04:35:00+00:00,112175.9,112175.9,112175.8,112175.9,0.0136486
2025-09-24 04:36:00+00:00,112175.9,112175.9,112175.8,112175.9,0.01660556
2025-09-24 04:37:00+00:00,112175.9,112210.9,112175.8,112210.9,0.03639993
2025-09-24 04:38:00+00:00,112212.3,112291.7,112212.3,112291.7,1.1797176
2025-09-24 04:39:00+00:00,112291.7,112345.6,112291.7,112345.6,1.45388008
2025-09-24 04:40:00+00:00,112345.6,112345.6,112341.6,112341.6,0.0284021
2025-09-24 04:41:00+00:00,112341.6,112341.6,112331.0,112331.0,0.07939846
2025-09-24 04:42:00+00:00,112330.9,112330.9,112269.2,112269.2,0.31347564
2025-09-24 04:43:00+00:00,112269.3,112295.5,112267.7,112279.9,1.22148242
2025-09-24 04:44:00+00:00,112279.8,112279.8,112237.6,112237.6,0.02409749
2025-09-24 04:45:00+00:00,112243.1,112261.7,112243.1,112261.7,0.00605911
2025-09-24 04:46:00+00:00,112261.7,112261.7,112256.1,112256.2,0.07181908
2025-09-24 04:47:00+00:00,112256.1,112256.1,112211.0,112211.0,0.00388308
2025-09-24 04:48:00+00:00,112211.0,112211.0,112125.2,112125.2,0.33898072
2025-09-24 04:49:00+00:00,112125.2,112125.3,112125.2,112125.3,0.02858578
2025-09-24 04:50:00+00:00,112125.3,112125.3,112125.2,112125.2,0.07219933
2025-09-24 04:51:00+00:00,112125.2,112139.2,112125.2,112139.2,0.05033092
2025-09-24 04:52:00+00:00,112139.2,112169.0,112139.2,112158.8,0.17978874
2025-09-24 04:53:00+00:00,112158.7,112158.7,112158.6,112158.6,0.01576985
2025-09-24 04:54:00+00:00,112158.6,112158.7,112158.6,112158.6,0.00328378
2025-09-24 04:55:00+00:00,112158.7,112211.0,112158.7,112190.7,0.00285657
2025-09-24 04:56:00+00:00,112190.7,112190.7,112190.6,112190.7,0.01443199
2025-09-24 04:57:00+00:00,112190.6,112196.3,112190.6,112196.3,0.00665784
2025-09-24 04:58:00+00:00,112196.3,112196.3,112190.6,112190.7,0.02297816
2025-09-24 04:59:00+00:00,112190.6,112196.3,112190.6,112196.2,0.02576482
2025-09-24 05:00:00+00:00,112196.3,112196.3,112196.3,112196.3,0.00867675
2025-09-24 05:01:00+00:00,112196.3,112196.3,112196.2,112196.3,0.01518892
2025-09-24 05:02:00+00:00,112196.3,112211.0,112196.3,112211.0,0.01061971
2025-09-24 05:03:00+00:00,112211.0,112255.6,112211.0,112255.6,0.41841407
2025-09-24 05:04:00+00:00,112255.6,112255.6,112255.5,112255.6,0.56841745
2025-09-24 05:05:00+00:00,112255.5,112255.6,112255.5,112255.6,0.00487469
2025-09-24 05:06:00+00:00,112255.5,112255.5,112255.3,112255.4,2.02603246
2025-09-24 05:07:00+00:00,112255.3,112255.3,112237.4,112237.5,0.01274737
2025-09-24 05:08:00+00:00,112237.5,112249.4,112237.5,112249.4,0.09495297
2025-09-24 05:09:00+00:00,112249.4,112249.4,112249.3,112249.4,0.27523762
2025-09-24 05:10:00+00:00,112249.4,112249.4,112249.3,112249.4,2.02427566
2025-09-24 05:11:00+00:00,112249.3,112249.4,112249.3,112249.4,0.01176149
2025-09-24 05:12:00+00:00,112249.3,112249.4,112249.3,112249.3,0.0099572
2025-09-24 05:13:00+00:00,112249.4,112249.4,112249.4,112249.4,0.00216903
2025-09-24 05:14:00+00:00,112249.4,112249.4,112249.4,112249.4,0.00930695
2025-09-24 05:15:00+00:00,112249.4,112249.4,112249.4,112249.4,0.06355142
2025-09-24 05:16:00+00:00,112249.4,112249.4,112249.3,112249.4,0.0108043
2025-09-24 05:17:00+00:00,112249.4,112249.4,112249.3,112249.3,0.17031463
2025-09-24 05:18:00+00:00,112249.4,112249.4,112249.3,112249.3,0.01011024
2025-09-24 05:19:00+00:00,112249.4,112249.4,112249.3,112249.4,0.00983121
2025-09-24 05:20:00+00:00,112249.4,112249.4,112249.3,112249.4,0.00526063
2025-09-24 05:21:00+00:00,112249.4,112250.0,112249.3,112250.0,1.62887076
2025-09-24 05:22:00+00:00,112250.0,112250.0,112249.9,112250.0,0.00114322
2025-09-24 05:23:00+00:00,112250.0,112393.8,112250.0,112385.1,2.60556708
2025-09-24 05:24:00+00:00,112385.0,112385.1,112385.0,112385.1,2.0297071
2025-09-24 05:25:00+00:00,112385.1,112398.1,112385.1,112398.0,0.4679133
2025-09-24 05:26:00+00:00,112398.1,112398.1,112392.0,112392.2,1.64307591
2025-09-24 05:27:00+00:00,112398.1,112399.5,112398.1,112399.4,0.13153558
2025-09-24 05:28:00+00:00,112399.4,112410.9,112399.4,112410.2,0.6694978
2025-09-24 05:29:00+00:00,112410.3,112410.3,112410.2,112410.3,0.30237783
2025-09-24 05:30:00+00:00,112410.3,112410.3,112330.2,112339.7,2.14570322
2025-09-24 05:31:00+00:00,112345.1,112358.1,112345.1,112357.6,0.03735745
2025-09-24 05:32:00+00:00,112357.5,112357.6,112357.5,112357.5,0.00127118
2025-09-24 05:33:00+00:00,112357.5,112357.5,112357.4,112357.5,0.00572225
2025-09-24 05:34:00+00:00,112357.5,112357.5,112357.4,112357.5,0.00443566
2025-09-24 05:35:00+00:00,112357.5,112374.9,112357.4,112374.9,0.02647989
2025-09-24 05:36:00+00:00,112375.0,112388.6,112375.0,112388.5,0.01036427
2025-09-24 05:37:00+00:00,112388.5,112429.9,112388.5,112429.8,0.14437762
2025-09-24 05:38:00+00:00,112431.9,112431.9,112431.8,112431.8,0.03618333
2025-09-24 05:39:00+00:00,112431.9,112440.0,112431.9,112440.0,0.01095674
2025-09-24 05:40:00+00:00,112439.9,112440.0,112439.9,112439.9,2.01184798
2025-09-24 05:41:00+00:00,112439.9,112440.0,112439.9,112440.0,0.00089342
2025-09-24 05:42:00+00:00,112440.0,112509.9,112440.0,112495.6,4.50125679
2025-09-24 05:43:00+00:00,112495.6,112495.6,112495.5,112495.5,0.09434315
2025-09-24 05:44:00+00:00,112495.5,112495.6,112495.5,112495.6,0.01757385
2025-09-24 05:45:00+00:00,112495.6,112495.6,112495.5,112495.5,0.00859765
2025-09-24 05:46:00+00:00,112495.5,112495.5,112495.5,112495.5,0.00497037
2025-09-24 05:47:00+00:00,112510.0,112556.1,112510.0,112556.0,0.07138096
2025-09-24 05:48:00+00:00,112556.0,112556.1,112556.0,112556.0,0.89416748
2025-09-24 05:49:00+00:00,112556.1,112558.0,112556.1,112558.0,0.05389482
2025-09-24 05:50:00+00:00,112558.0,112558.0,112557.9,112557.9,0.17497646
2025-09-24 05:51:00+00:00,112558.0,112638.1,112558.0,112638.0,0.41084185
2025-09-24 05:52:00+00:00,112638.0,112638.1,112636.6,112636.7,0.00690343
2025-09-24 05:53:00+00:00,112636.7,112636.7,112636.7,112636.7,0.00278807
2025-09-24 05:54:00+00:00,112636.6,112655.7,112636.6,112655.6,0.12228321
2025-09-24 05:55:00+00:00,112655.7,112656.1,112655.7,112656.1,0.04690307
2025-09-24 05:56:00+00:00,112656.1,112656.1,112656.0,112656.1,0.02384
2025-09-24 05:57:00+00:00,112656.1,112656.1,112655.6,112655.6,1.12208585
2025-09-24 05:58:00+00:00,112655.7,112655.7,112655.6,112655.7,0.04653092
2025-09-24 05:59:00+00:00,112655.7,112655.7,112655.6,112655.6,0.08326839
2025-09-24 06:00:00+00:00,112655.7,112655.7,112655.6,112655.7,0.00719187
2025-09-24 06:01:00+00:00,112655.7,112655.7,112655.6,112655.7,0.00091265
2025-09-24 06:02:00+00:00,112655.7,112692.3,112655.7,112692.3,0.20889854
2025-09-24 06:03:00+00:00,112692.3,112692.3,112682.6,112682.7,4.11090554
2025-09-24 06:04:00+00:00,112682.7,112682.7,112682.6,112682.7,0.04986459
2025-09-24 06:05:00+00:00,112682.7,112682.7,112682.7,112682.7,0.01656644
2025-09-24 06:06:00+00:00,112682.7,112682.7,112682.6,112682.6,0.0049632
2025-09-24 06:07:00+00:00,112682.7,112682.7,112682.7,112682.7,0.0863902
2025-09-24 06:08:00+00:00,112682.7,112700.0,112682.6,112700.0,0.41448014
2025-09-24 06:09:00+00:00,112700.0,112785.1,112700.0,112776.8,3.8572772
2025-09-24 06:10:00+00:00,112776.8,112784.3,112776.8,112784.3,0.13815134
2025-09-24 06:11:00+00:00,112784.3,112784.3,112784.2,112784.3,0.04755525
2025-09-24 06:12:00+00:00,112784.3,112784.3,112784.2,112784.2,0.00945403
2025-09-24 06:13:00+00:00,112784.3,112784.3,112784.2,112784.2,0.00378317
2025-09-24 06:14:00+00:00,112784.2,112784.3,112784.2,112784.3,0.02628318
2025-09-24 06:15:00+00:00,112784.2,112784.3,112784.2,112784.3,0.00659049
2025-09-24 06:16:00+00:00,112784.2,112784.3,112784.2,112784.2,0.0261899
2025-09-24 06:17:00+00:00,112784.2,112784.3,112784.2,112784.2,0.00282614
2025-09-24 06:18:00+00:00,112784.2,112784.2,112761.7,112761.7,0.0996742
2025-09-24 06:19:00+00:00,112761.7,112761.8,112761.6,112761.6,0.00395692
2025-09-24 06:20:00+00:00,112750.1,112750.1,112682.6,112682.6,0.03819945
2025-09-24 06:21:00+00:00,112682.7,112682.7,112655.6,112655.6,0.35422832
2025-09-24 06:22:00+00:00,112655.7,112655.7,112636.7,112636.7,0.4358804
2025-09-24 06:23:00+00:00,112636.7,112636.7,112576.1,112576.1,0.23661204
2025-09-24 06:24:00+00:00,112576.1,112576.1,112576.1,112576.1,1.00517719
2025-09-24 06:25:00+00:00,112576.2,112576.2,112576.1,112576.2,0.03187976
2025-09-24 06:26:00+00:00,112576.1,112584.0,112576.1,112584.0,0.09860891
2025-09-24 06:27:00+00:00,112584.0,112584.0,112583.9,112584.0,0.00472113
2025-09-24 06:28:00+00:00,112583.9,112584.0,112583.9,112583.9,0.01768307
2025-09-24 06:29:00+00:00,112583.9,112583.9,112583.9,112583.9,0.00099
2025-09-24 06:30:00+00:00,112584.0,112584.0,112583.9,112583.9,0.01954956
2025-09-24 06:31:00+00:00,112584.0,112584.0,112583.9,112583.9,0.00317071
2025-09-24 06:32:00+00:00,112583.9,112584.0,112583.9,112584.0,0.00976288
2025-09-24 06:33:00+00:00,112584.0,112584.0,112583.9,112583.9,0.01049371
2025-09-24 06:34:00+00:00,112583.9,112583.9,112583.9,112583.9,0.00265656
2025-09-24 06:35:00+00:00,112584.0,112632.1,112584.0,112632.1,0.21219905
2025-09-24 06:36:00+00:00,112635.7,112635.7,112635.7,112635.7,0.00812841
2025-09-24 06:37:00+00:00,112635.6,112635.7,112599.5,112599.5,0.17662284
2025-09-24 06:38:00+00:00,112595.3,112595.3,112595.3,112595.3,0.0077465
2025-09-24 06:39:00+00:00,112595.3,112612.6,112595.2,112612.6,0.0170881
2025-09-24 06:40:00+00:00,112612.6,112625.8,112612.5,112612.6,0.06298749
2025-09-24 06:41:00+00:00,112612.6,112612.6,112595.1,112595.1,0.04644368
2025-09-24 06:42:00+00:00,112590.1,112590.1,112590.0,112590.1,0.00537779
2025-09-24 06:43:00+00:00,112590.1,112590.1,112590.0,112590.1,0.0124051
2025-09-24 06:44:00+00:00,112590.1,112590.1,112590.0,112590.1,0.02817674
2025-09-24 06:45:00+00:00,112590.1,112627.1,112590.1,112627.1,0.00443182
2025-09-24 06:46:00+00:00,112627.2,112641.5,112627.2,112641.4,0.1685173
2025-09-24 06:47:00+00:00,112641.5,112641.5,112641.5,112641.5,0.00279804
2025-09-24 06:48:00+00:00,112641.5,112641.5,112641.5,112641.5,0.05075325
2025-09-24 06:49:00+00:00,112641.5,112650.1,112641.5,112650.1,0.03167265
2025-09-24 06:50:00+00:00,112650.0,112650.0,112641.4,112644.6,0.01272654
2025-09-24 06:51:00+00:00,112644.7,112644.7,112644.7,112644.7,0.00436927
